{
  "hash": "db5e7131",
  "configHash": "07de9c3f",
  "lockfileHash": "f0f4d622",
  "browserHash": "5a2e3471",
  "optimized": {
    "@angular/core": {
      "src": "../../../../../node_modules/@angular/core/fesm2022/core.mjs",
      "file": "@angular_core.js",
      "fileHash": "2230fa4e",
      "needsInterop": false
    },
    "@angular/platform-browser": {
      "src": "../../../../../node_modules/@angular/platform-browser/fesm2022/platform-browser.mjs",
      "file": "@angular_platform-browser.js",
      "fileHash": "ac97b48d",
      "needsInterop": false
    },
    "@angular/router": {
      "src": "../../../../../node_modules/@angular/router/fesm2022/router.mjs",
      "file": "@angular_router.js",
      "fileHash": "f8c1d1fe",
      "needsInterop": false
    }
  },
  "chunks": {
    "chunk-3PGPYDTF": {
      "file": "chunk-3PGPYDTF.js"
    },
    "chunk-IKJ4S2J2": {
      "file": "chunk-IKJ4S2J2.js"
    }
  }
}